Model,RMSE,MAE,R2
XGBoost,345.5889384692293,241.02955627441406,0.8778810501098633
LightGBM,345.78753640795765,242.0777268208521,0.8777687648618017
HistGradientBoosting,346.74680426280554,243.9571525147713,0.8769084398687401
RandomForest,378.5183401983584,272.5588779034538,0.8514448255932259
k-NN,504.9580049803214,370.6369108855758,0.7296876251948338
LinearRegression,537.5238316096868,411.7973038204681,0.7057400188450714
SARIMA,798.8487538632131,743.3451616361859,-1.3946029128111093
Persistence (Lag 24),1140.465376165581,921.296110670019,-0.4278299089093625
